Nombre,Origen,Fecha_Lanzamiento_Original,Lugar_Lanzamiento_Original,Estilo,Cereal / Granos,Levadura,Proceso y Fermentacion,Distintivo de la Receta,Dato Historico / Curioso,ABV Aprox
Guinness Draught / Extra Stout,"Dublín, Irlanda",1759,"St. James's Gate Brewery, Dublín, Irlanda",Irish Dry Stout / Extra Stout,"Malta Pale Ale, cebada malteada y cebada tostada no malteada (roasted barley ~10%)","Saccharomyces cerevisiae (cepa de la casa Guinness, alta fermentacion)",Maceracion por infusion simple; servicio con mezcla de gas nitrogenado (70% N2 / 30% CO2) y tecnologia de capsula (widget) en lata/botella,"La cebada tostada sin maltear aporta el color negro rubi profundo, aroma a cafe/cacao y caracteristica acidez ligera seca. Espuma cremosa y densa por microburbujas de nitrogeno.","En 1759, Arthur Guinness firmo un contrato de arrendamiento por 9,000 anos para la cerveceria St. James's Gate a razon de 45 libras anuales.",4.2% - 5.6%
John Smith's Magnet,"Tadcaster, Yorkshire, Inglaterra",c. 1900,"The Old Brewery, Tadcaster, North Yorkshire, Inglaterra",English Bitter / Yorkshire Pale Ale,"Malta Pale Ale britanica, malta cristal y pequena adicion de azucar de cerveceria","Saccharomyces cerevisiae (cepa ale clasica de Yorkshire, muy floculante)",Fermentacion tradicional en cubas de piedra/pizarra (Yorkshire Squares) que favorecen una oxigenacion controlada y atenuacion profunda,"Perfil de lupulos terrosos ingleses (Fuggles y Goldings), con balance entre caramelo suave, frutos secos y amargor persistente pero redondeado.",Nacida en el corazon minero e industrial de Tadcaster; 'Magnet' simbolizaba la atraccion irresistible de la taberna despues de la jornada de trabajo.,4.0% - 4.5%
Newcastle Brown Ale,"Newcastle upon Tyne, Inglaterra",1927,"Tyne Brewery, Newcastle upon Tyne, Inglaterra",English Brown Ale,"Malta Pale Ale, malta crystal y trigo torrefactado con azucar de caramelo cervecero",Saccharomyces cerevisiae (cepa ale inglesa tradicional),Elaborada tradicionalmente mezclando dos cervezas (una amber ale añejada y una brown ale fresca),"Sabor dulce maltoso a nuez tostada, caramelo tofe y final suave con bajo amargor.",Creada en 1927 por el coronel Jim Porter en Newcastle. Conocida popularmente como 'The Dog' o 'The Blue Star' por la estrella azul de cinco puntas en su etiqueta.,4.7%
Castlemaine XXXX (4X),"Brisbane, Queensland, Australia",1924,"Castlemaine Brewery, Milton, Brisbane, Australia",Australian Pale Lager,Malta Pilsen de dos carreras y azucar de cana refinada de Queensland como adjunto fermentable,"Saccharomyces pastorianus (baja fermentacion, perfil ultra limpio)",Fermentacion y maduracion en frio (lagering); maceracion disenada para maxima atenuacion y cuerpo ligero refrescante,"Uso de azucar de cana local que seca la cerveza al extremo sin aportar pesadez, lupulos australianos Pride of Ringwood con amargor directo y limpio, ideal para calor tropical.",El nombre 'XXXX' proviene de la antigua clasificacion britanica donde cada 'X' marcaba la potencia del lote. Popularmente se bromea con que en Queensland no sabian deletrear 'BEER'.,4.2%
Negra Modelo,"Ciudad de México / Orizaba, México",1928,"Cervecería Modelo, Tacuba, Ciudad de México, México",Munich Dunkel / Vienna Mexicana,"Malta caramelo, malta tostada (chocolate/black), malta base de dos carreras y adjunto de maiz","Saccharomyces pastorianus (cepa lager limpia, baja fermentacion)",Maceracion escalonada para extraer dulzor maltoso; fermentacion baja controlada (9-12 C) y maduracion en frio prolongada,"Balance entre notas tostadas suaves de cafe/caramelo, cuerpo medio y baja astringencia. No es tan densa ni amarga como una stout o porter.",Lanzada en 1928 por Cerveceria Modelo como 'La crema de la cerveza'. Fue la primera cerveza oscura de produccion masiva en consolidar el estilo Munich en el gusto mexicano.,5.3%
Bohemia Obscura,"Monterrey / Orizaba, México",1905,"Cervecería Cuauhtémoc, Monterrey, Nuevo León, México",Vienna Lager / Bock Ligero,"Malta tostada, malta caramelo, malta Pilsen europea seleccionada",Saccharomyces pastorianus (lager tradicional de larga maduracion),Fermentacion baja lenta y guarda prolongada en frio (lagering estricto),Lupulos nobles europeos (tipo Saaz y Styrian Goldings) que aportan un aroma floral/especiado muy fino que equilibra las notas a nuez y pan tostado.,"Bohemia nacio en 1905 como la marca premium de Cerveceria Cuauhtemoc en honor a la region de Bohemia (Chequia), cuna de las mejores lager del mundo.",4.9% - 5.3%
Victoria,"Toluca / Cd. de México, México",1865,"Cía. Cervecera Toluca y México, Toluca, Edo. de México",Vienna Lager Mexicana,"Malta base clara, maltas caramelo y adjuntos de maiz/arroz",Saccharomyces pastorianus (fermentacion baja),Lagering clasico industrial; filtracion brillante,"Tono ambar rojizo caracteristico, ligero tostado a caramelo con alta tomabilidad y cuerpo refrescante.","Es la marca de cerveza mas antigua de Mexico aun en produccion (creada en 1865 por la Compania Cervecera Toluca y Mexico, antes de ser adquirida por Grupo Modelo en 1935).",4.0% - 4.5%
Sol,"Orizaba, Veracruz, México",1899,"Fábrica 'El Salto del Agua' / Moctezuma, Orizaba, Veracruz, México",American Adjunct Lager / Clara Mexicana,Malta de cebada clara y alto porcentaje de jarabe de maiz/maiz descascarillado,Saccharomyces pastorianus (lager ultra ligera),Fermentacion rapida y filtrado ultra brillante; uso de extractos de lupulo modificados fotosensibles (tetra-hidro-isohumulonas),Disenada especificamente para envasarse en botella de vidrio transparente sin sufrir degradacion por luz (golpe de luz / 'skunky') gracias a lupulos isomerizados especiales.,Creada en 1899 en la fabrica 'El Salto del Agua' cerca de Orizaba. El maestro cervecero vio un rayo de sol penetrar en la paila de coccion y decidio bautizarla 'El Sol'.,4.5%
Dos Equis (XX) Lager Especial,"Orizaba, Veracruz, México",1984,"Cervecería Moctezuma, Orizaba, Veracruz, México",Pale Lager / Pilsner Mexicana,Malta Pilsen de dos carreras y adjuntos cerveceros de maiz,Saccharomyces pastorianus (fermentacion baja),"Fermentacion fria, filtracion fina y carbonatacion viva","Perfil cristalino, ligero amargor lupulado con final limpio y refrescante.","Nacio como la hermana rubia y moderna de la original Siglo XX, pensada para el mercado de exportacion y climas costeros.",4.2%
Dos Equis (XX) Ambar / Obscura,"Orizaba, Veracruz, México",1897,"Cervecería Moctezuma, Orizaba, Veracruz, México",Vienna Style Lager,"Malta caramelo tostada, malta base y adjuntos de maiz",Saccharomyces pastorianus (fermentacion baja),Maceracion orientada a dextrinas de caramelo y maduracion en frio,"Notas de pan tostado, piloncillo suave y ligero amargor herbal con acabado seco.",Fue creada en 1897 por el maestro cervecero aleman Wilhelm Hasse en la Cerveceria Moctezuma de Orizaba bajo el nombre 'Siglo XX' para conmemorar la llegada del siglo 1900.,4.7%
Tecate (Original),"Tecate, Baja California, México",1944,"Cervecería Tecate, Tecate, Baja California, México",American Adjunct Lager,Malta clara y grits/semola de maiz,Saccharomyces pastorianus (baja fermentacion),"Coccion rapida, fermentacion en tanques de gran volumen y lagering corto","Cuerpo ultra ligero, carbonatacion media-alta y sabor neutro disenado para consumirse muy fria.","Nacida en 1944 en el pueblo fronterizo de Tecate. En 1954 se convirtio en la primera cerveza en Mexico en comercializarse en lata de aluminio, dando origen al ritual de ponerle sal y limon en la tapa.",4.5%
Barrilito,"Ciudad de México, México",c. 1934,"Cervecería Modelo, Ciudad de México, México",American Lager / Cerveza de Barrio,Malta Pilsen nacional y adjuntos de maiz,Saccharomyces pastorianus (fermentacion baja),"Fermentacion industrial economica, filtrada y altamente carbonatada","Sabor ligero, fresco, con un toque dulzon de maiz y muy baja densidad residual.","Famosa por su iconica botella rechoncha de cuello corto en forma de pequeno barril (tipo stubby / steinie), clasica de cantinas, taquerias y botaneros tradicionales.",3.6% - 4.0%
Pacifico Clara,"Mazatlán, Sinaloa, México",1900,"Cervecería del Pacífico, Mazatlán, Sinaloa, México",Pilsner Lager Mexicana,Malta de cebada clara y maiz cervecero,Saccharomyces pastorianus (fermentacion baja),"Elaborada con agua de la costa de Sinaloa, fermentacion a baja temperatura y filtracion brillante",Cuerpo suave y chispeante con aroma tenue a cereal crudo y lantenes de lupulo continental.,"Fundada en 1900 en Mazatlan por tres inmigrantes alemanes (Kieser, Heynen y Melchers). Fue descubierta en los anos 70 por surfistas estadounidenses que la llevaban en sus combis a California.",4.5%
Heineken Original,"Ámsterdam, Países Bajos",1873,"Heineken Brouwerij, Ámsterdam, Países Bajos",International Pale Lager,100% Malta de cebada (sin maiz ni arroz) y agua pura,Saccharomyces pastorianus cepa exclusiva 'Heineken A-Yeast',Fermentacion en tanques horizontales (en lugar de verticales) para minimizar la presion hidrostatica sobre la levadura,La cepa exclusiva 'A-Yeast' y los tanques horizontales producen un perfil frutal muy sutil (manzana/platano ligero) y notas limpias de malta 100%.,"Desarrollada en 1873 por Gerard Adriaan Heineken. La levadura 'A-Yeast' fue aislada en 1886 por el Dr. H. Elion, discipulo directo de Louis Pasteur.",5.0%
Indio,"Monterrey, Nuevo León, México",1893,"Cervecería Cuauhtémoc, Monterrey, Nuevo León, México",Mexican Vienna / Amber Lager,"Malta de cebada caramelo, malta base y maiz",Saccharomyces pastorianus (fermentacion baja),Coccion con azucares caramelizados y lagering medio,"Color cobrizo brillante con suaves notas de malta tostada, caramelo y un amargor muy tenue.","Nacio en 1893 como 'Cerveza Cuauhtemoc' con el retrato del tlatoani en la etiqueta. La gente en las cantinas pedia 'dame la del indio', por lo que la empresa termino rebautizandola oficialmente 'Indio'.",4.1% - 4.5%
Noche Buena,"Orizaba, Veracruz, México",1924,"Cervecería Moctezuma, Orizaba, Veracruz, México",Winter Bock / Festive Strong Lager,"(Antes 1990): 100% Malta (Munich, Viena, Caramelo oscura, Carapils). (Hoy): Malta base, maltas caramelo, jarabe de alta fructosa/maiz y extractos de color",Saccharomyces pastorianus (cepa lager para alta densidad),Coccion estacional de guarda invernal. (Antes: meses de lagering en bodegas frias de Orizaba; Hoy: ciclo industrial acelerado con high-gravity brewing),"(Antes): Denso cuerpo maltoso, notas a pasas, ciruela pasa, pan dulce, 6.0% ABV y tostado licoroso. (Hoy): Cuerpo mas fluido, 5.3% ABV, notas dulces mas directas y final mas ligero.","Creada hacia 1924 por maestros cerveceros alemanes de Cerveceria Moctezuma como regalo de fin de ano para directivos y amigos, antes de venderse al publico en 1938 como la primera bock de temporada en Mexico.",5.3% (antes ~6.0%)
Carta Blanca,"Monterrey, Nuevo León, México",1890,"Cervecería Cuauhtémoc, Monterrey, Nuevo León, México",American Adjunct Lager clasica norteña,Malta de dos carreras y semola de maiz norteño,Saccharomyces pastorianus (fermentacion baja),Maceracion tradicional con adjunto de maiz en paila de adjuntos y maduracion rapida en frio,"Sabor fresco, balance neutro, toque ligeramente dulce de cereal y carbonatacion refrescante.","Nacida en 1890, fue la primera cerveza de la Cerveceria Cuauhtemoc (cuna de FEMSA). Su nombre alude a la expresion 'carta blanca' como sello de aprobacion real de calidad otorgado por la Corona Espanola.",4.5%
Tiburon Blonde Ale,"Xalapa, Veracruz, México",2013,"Cerveza Artesanal Tiburón, Xalapa, Veracruz, México",Blonde Ale (Estilo Americano),Malta de cebada clara seleccionada y maltas caramelo ligeras,Saccharomyces cerevisiae (fermentacion alta ale limpia),Maceracion simple y fermentacion alta controlada; temperatura de servicio sugerida 4-7 C,"Ligera, refrescante, afrutada y con notas a pan fresco, con un liviano amargor en el retrogusto.","Elaborada por Cerveza Artesanal Tiburon en Xalapa, Veracruz. Maridaje oficial recomendado: mariscos y pescados frescos.",4.8%
Tiburon Porter,"Xalapa, Veracruz, México",2013,"Cerveza Artesanal Tiburón, Xalapa, Veracruz, México",English Porter,"Maltas tostadas especiales, malta chocolate, malta caramelo oscura y malta base",Saccharomyces cerevisiae (cepa ale tradicional inglesa),Maceracion escalonada para cuerpo cremoso y balance dulce-amargo; servicio sugerido 6-9 C,"Predominan notas a cafe y cacao, con un cuerpo cremoso y balance armónico entre lo dulce y lo amargo.",Cerveza insignia y fundadora de Cerveza Tiburon de Xalapa con su iconica etiqueta original. Maridaje oficial: postres de chocolate y carnes asadas.,5.8%
Tiburon Imperial,"Xalapa, Veracruz, México",2015,"Cerveza Artesanal Tiburón, Xalapa, Veracruz, México",Imperial Stout (Estilo Ingles),"Alta densidad de maltas especiales tostadas, chocolate amargo y maltas caramelizadas",Saccharomyces cerevisiae (cepa para alta graduacion alcoholica),Coccion prolongada y guarda reposada; servicio sugerido 8-11 C,"Gran intensidad, color negro y cuerpo pleno; posee sabores marcados a cafe y chocolate amargo con ligeras notas a frutos negros y una agradable sensacion calida al paladar.","La creacion de mayor caracter y potencia de Cerveza Tiburon, vestida con su singular etiqueta de diseno camuflaje. Maridaje oficial: quesos maduros y chocolates.",7.9%
